Experiment,TotalVolume,TotalFlow,Transfers,Flows
experiment1,95991.95949541217,2778.7807954121326,18089,17718
experiment2,95990.40000000001,95990.40000000001,16875,16875
